<?xml version='1.0' encoding='UTF-8'?>
<faces-config version="2.1"
    xmlns="http://java.sun.com/xml/ns/javaee"
    xmlns:xsi="http://www.w3.org/2001/XMLSchema-instance"
    xsi:schemaLocation="http://java.sun.com/xml/ns/javaee http://java.sun.com/xml/ns/javaee/web-facesconfig_2_1.xsd">
    
    
    <navigation-rule>
        <navigation-case>
            <from-outcome>inicio</from-outcome>
            <to-view-id>/inicio.xhtml</to-view-id>
        </navigation-case>
    </navigation-rule>
    
    <navigation-rule>
        <navigation-case>
            <from-outcome>ConsultaExp</from-outcome>
            <to-view-id>/aplicacion/consulta/solicitudConsulta.xhtml</to-view-id>
        </navigation-case>
    </navigation-rule>
    
    <navigation-rule>
        <navigation-case>
            <from-outcome>Visor</from-outcome>
            <to-view-id>/aplicacion/consulta/visor.xhtml</to-view-id>
        </navigation-case>
    </navigation-rule>

    <navigation-rule>
        <navigation-case>
            <from-outcome>Visor2</from-outcome>
            <to-view-id>/aplicacion/consulta/visor2.xhtml</to-view-id>
        </navigation-case>
    </navigation-rule>

    <navigation-rule>
        <navigation-case>
            <from-outcome>AdminSol</from-outcome>
            <to-view-id>/inicio.xhtml</to-view-id>
        </navigation-case>
    </navigation-rule>

    <navigation-rule>
        <navigation-case>
            <from-outcome>GenRemito</from-outcome>
            <to-view-id>/inicio.xhtml</to-view-id>
        </navigation-case>
    </navigation-rule>

    <navigation-rule>
        <navigation-case>
            <from-outcome>SolAdeA</from-outcome>
            <to-view-id>/inicio.xhtml</to-view-id>
        </navigation-case>
    </navigation-rule>

    <navigation-rule>
        <navigation-case>
            <from-outcome>RetAdeA</from-outcome>
            <to-view-id>/aplicacion/consulta/retornoAdeA.xhtml</to-view-id>
        </navigation-case>
    </navigation-rule>

    <navigation-rule>
        <navigation-case>
            <from-outcome>RepSol</from-outcome>
            <to-view-id>/aplicacion/reportes/solicitudes.xhtml</to-view-id>
        </navigation-case>
    </navigation-rule>

    <navigation-rule>
        <navigation-case>
            <from-outcome>RepExp</from-outcome>
            <to-view-id>/aplicacion/reportes/expedientesNoRetornados.xhtml</to-view-id>
        </navigation-case>
    </navigation-rule>

    <navigation-rule>
        <navigation-case>
            <from-outcome>RepExpNC</from-outcome>
            <to-view-id>/aplicacion/reportes/expedientesNoConciliados.xhtml</to-view-id>
        </navigation-case>
    </navigation-rule>

    <navigation-rule>
        <navigation-case>
            <from-outcome>RepExpA</from-outcome>
            <to-view-id>/aplicacion/reportes/expedientesApartados.xhtml</to-view-id>
        </navigation-case>
    </navigation-rule>

    <navigation-rule>
        <navigation-case>
            <from-outcome>CtrlUbicacionAdeA</from-outcome>
            <to-view-id>/aplicacion/consulta/controlUbicacionAdeA.xhtml</to-view-id>
        </navigation-case>
    </navigation-rule>

    <navigation-rule>
        <navigation-case>
            <from-outcome>CtrlUbicacionCreel</from-outcome>
            <to-view-id>/aplicacion/consulta/controlUbicacionCreel.xhtml</to-view-id>
        </navigation-case>
    </navigation-rule>

    <navigation-rule>
        <navigation-case>
            <from-outcome>changePassword</from-outcome>
            <to-view-id>/template/changePassword.xhtml</to-view-id>
        </navigation-case>
    </navigation-rule>
    
</faces-config>
