<?xml version="1.0" encoding="UTF-8"?>
<beans xmlns="http://www.springframework.org/schema/beans"
       xmlns:xsi="http://www.w3.org/2001/XMLSchema-instance"
       xmlns:mvc="http://www.springframework.org/schema/mvc"
       xmlns:context="http://www.springframework.org/schema/context"
       xmlns:jee="http://www.springframework.org/schema/jee"
       xmlns:aop="http://www.springframework.org/schema/aop"
       xmlns:tx="http://www.springframework.org/schema/tx"
       xmlns:jaxws="http://cxf.apache.org/jaxws"
       xsi:schemaLocation="
                http://www.springframework.org/schema/jee http://www.springframework.org/schema/jee/spring-jee-3.0.xsd
		http://www.springframework.org/schema/beans http://www.springframework.org/schema/beans/spring-beans-3.0.xsd
		http://www.springframework.org/schema/context http://www.springframework.org/schema/context/spring-context-3.0.xsd
                http://www.springframework.org/schema/aop http://www.springframework.org/schema/aop/spring-aop-3.0.xsd                
		http://www.springframework.org/schema/mvc http://www.springframework.org/schema/mvc/spring-mvc-3.0.xsd
                http://www.springframework.org/schema/tx http://www.springframework.org/schema/tx/spring-tx-3.0.xsd
                http://cxf.apache.org/jaxws http://cxf.apache.org/schemas/jaxws.xsd">

    <bean class="org.springframework.beans.factory.config.PropertyPlaceholderConfigurer">
        <property name="locations">
            <list>
                <value>classpath:/scotiabank-guardavalores-properties/application.properties</value>
                <value>classpath:/scotiabank-guardavalores-properties/certificated.properties</value>                
                <value>classpath:/scotiabank-guardavalores-mail-config/mail.properties</value>               
            </list>
        </property>
    </bean>        
    <!-- CONTEXT SECURITY-ADEAMX -->    
    <import resource="classpath:/context-security-web.xml"/>    
    <!-- DATA SOURCE -->    
    <import resource="classpath:/scotiabank-guardavalores-spring/security.xml" />
    <!-- JNDI -->
<!--     <jee:jndi-lookup jndi-name="jdbc/DesaScotiaDS" id="dataSourceApplication"/> -->
    <jee:jndi-lookup jndi-name="jdbc/PRODCoreDS" id="dataSourceApplication"/>
    <!-- ALIAS -->    
    <alias name="dataSourceApplication" alias="dataSourceSecurity"/>    
    <alias name="dataSourceApplication" alias="dataSourceCaptura"/>
    <alias name="dataSourceApplication" alias="dataSourceEngine"/>
    <!-- MESSAGES -->    
    <bean id="messageSource" class="org.springframework.context.support.ResourceBundleMessageSource">
        <property name="basenames">
            <list>
                <value>messages</value>
                <value>org/springframework/security/messages_es_ES</value>
            </list>
        </property>
    </bean>    
    <!-- === -->
    <!-- DAOs -->
    <!-- === -->
    <!-- DAO CORE -->
    <context:component-scan base-package="com.adeamx.adeadms.daos">        
        <context:exclude-filter type="aspectj" expression="*..*BitacoraArchivosGral*"/>        
        <!--<context:exclude-filter type="aspectj" expression="*..*CabeceraDocCte1Ph*"/>-->        
        <!--<context:exclude-filter type="aspectj" expression="*..*CabeceraDoc*"/>-->        
        <!--<context:exclude-filter type="aspectj" expression="*..*DetalleSello*"/>-->        
        <!-- context:exclude-filter type="aspectj" expression="*..*Dms*"/ -->
        <context:exclude-filter type="aspectj" expression="*..*FlowIngresosDetaMp*"/>        
        <context:exclude-filter type="aspectj" expression="*..*Generic*"/>        
        <context:exclude-filter type="aspectj" expression="*..*Util*"/>        
    </context:component-scan>
    <context:component-scan base-package="com.adeamx.dms.services">        
        <context:exclude-filter type="aspectj" expression="*..*Dms*"/>
        <context:exclude-filter type="aspectj" expression="*..*SC*"/>        
        <context:exclude-filter type="aspectj" expression="*..*Workflow*"/>
    </context:component-scan>
    
    <!--SERVICIOS ADEA-->
    <context:component-scan base-package="com.adeamx.adeadms.servicios">
        <!--<context:exclude-filter type="aspectj" expression="*..*Autorizaciones*"/>-->
        <context:exclude-filter type="aspectj" expression="*..*Bloqueo*"/>
        <!--<context:exclude-filter type="aspectj" expression="*..*CapturaGeneral*"/>-->  
        <context:exclude-filter type="aspectj" expression="*..*Carga*"/>
        <context:exclude-filter type="aspectj" expression="*..*Catalogo*"/>
        <context:exclude-filter type="aspectj" expression="*..*Digitalizacion*"/>
        <context:exclude-filter type="aspectj" expression="*..*Imagen*"/>
        <context:exclude-filter type="aspectj" expression="*..*Ingreso*"/>
        <context:exclude-filter type="aspectj" expression="*..*Persona*"/>
        <!--<context:exclude-filter type="aspectj" expression="*..*RegistroGeneral*"/>-->
        <context:exclude-filter type="aspectj" expression="*..*Ubicacion*"/>
    </context:component-scan>
    
    <!-- prime-faces -->
    <context:component-scan base-package="com.adeamx.faces.lib.beans"/>
    <context:component-scan base-package="com.adeamx.faces.lib.webapp*"/>
    
    <!--DAO FACTURACION-->
    <context:component-scan base-package="com.adeamx.faces.lib.dao"/>

    <!-- SERVICES  -->
    <context:component-scan base-package="com.adeamx.scotiabank.guardavalores.lib.services*"/>
    <context:component-scan base-package="com.adeamx.ws.imagen.lib.services" />   
    <context:component-scan base-package="com.adeamx.dms.libs.consultas.services">
        <context:exclude-filter type="aspectj" expression="Publicacion*"/>
    </context:component-scan>
   
    <!-- WEB APP MANAGEAD BEANS -->
    <context:component-scan base-package="com.adeamx.scotiabank.guardavalores.controllers"/>
    <context:component-scan base-package="com.adeamx.scotiabank.guardavalores.solicitudes.controllers"/>
    
    <!-- WEB SERVICES -->
   <import resource="classpath:META-INF/cxf/cxf.xml"/>    
   <import resource="classpath:META-INF/cxf/cxf-servlet.xml"/>
   <jaxws:endpoint implementor="com.adeamx.scotiabank.guardavalores.ws.GuardaValoresWSImpl" address="/GuardaValoresWS" />
   
   <!-- STORED PROCEDURES -->
    <bean class="com.adeamx.scotiabank.guardavalores.lib.sp.ConciliaRecepcionSp">
         <constructor-arg ref="dataSourceApplication"/>
    </bean>
    
    <bean class="com.adeamx.scotiabank.guardavalores.web.sp.UbicacionPorDocumentoSP">
         <constructor-arg ref="dataSourceApplication"/>
    </bean>
   
    <!-- Hibernate SessionFactory Definition Annotations -->
    <bean id="applicationSessionFactory" class="org.springframework.orm.hibernate3.annotation.AnnotationSessionFactoryBean">
        <property name="packagesToScan">
            <list>
                <value>com.adeadms.core.adea.pojos</value>
                <value>com.adeamx.adeadms.daos</value>
                <value>com.adeadms.core.security.pojos</value>
                <value>com.adeamx.scotiabank.guardavalores.lib.pojos</value>   
                <value>com.adeamx.scotiabank.guardavalores.lib.beans</value>                             
                <value>com.adeadms.core.adea.definition.pojos</value>
                <value>com.adeamx.ws.imagen.lib.pojos</value>
                <value>com.adeamx.dms.libs.consultas.pojos</value>
                <value>com.adeamx.dms.libs.consultas.beans</value>
                <value>com.adeadms.adeadms.core.captura.pojos</value>
            </list>
        </property>
        <property name="dataSource" ref="dataSourceApplication" />
        <property name="hibernateProperties">
            <value>
                <![CDATA[
                        hibernate.show_sql=false
                        hibernate.format_sql=false
                        hibernate.dialect=org.hibernate.dialect.Oracle10gDialect
                        hibernate.bytecode.use_reflection_optimizer=true
                        hibernate.cache.provider_class=org.hibernate.cache.HashtableCacheProvider
                        ]]>
            </value>
        </property>
    </bean>

    <!-- Transaccion Manager -->
    <bean id="applicationTransactionManager"
          class="org.springframework.orm.hibernate3.HibernateTransactionManager">
        <property name="sessionFactory" ref="applicationSessionFactory" />
    </bean>
    <tx:annotation-driven transaction-manager="applicationTransactionManager"/>
    <!-- Definicion del tansaction manager-->
    <tx:advice id="txAdviceApplication" transaction-manager="applicationTransactionManager">
        <tx:attributes>
            <!-- all methods starting with 'get' are read-only -->
            <tx:method name="get*" read-only="true"/>
            <!-- other methods use the default transaction settings -->
            <tx:method name="*" rollback-for="Throwable" />
        </tx:attributes>
    </tx:advice>
    <!-- Configuracion del Transaction Manager -->
    <aop:config>
        <aop:pointcut id="configApplicationTransaccionManager" expression="execution(* *service*.*(..))"/>
        <aop:advisor pointcut-ref="configApplicationTransaccionManager" advice-ref="txAdviceApplication"/>
    </aop:config>
    <!-- Hibernate Template Defintion Anotations -->
    <bean id="applicationHibernateTemplate" class="org.springframework.orm.hibernate3.HibernateTemplate">
        <property name="sessionFactory" ref="applicationSessionFactory" />
        <property name="jdbcExceptionTranslator" ref="jdbcExceptionTranslatorGral" />
    </bean>
    <alias name="applicationHibernateTemplate" alias="hibernateTemplate"/>
    <alias name="applicationHibernateTemplate" alias="templateCapturaGralAnnotations"/>    
    
    <!-- Spring Data Access Exception Translator Defintion -->
    <bean id="jdbcExceptionTranslatorGral" class="org.springframework.jdbc.support.SQLErrorCodeSQLExceptionTranslator">
        <property name="dataSource" ref="dataSourceApplication" />
    </bean>      
    <!-- MAIL -->
    <bean id="mailSender" class="org.springframework.mail.javamail.JavaMailSenderImpl">
        <property name="host" value="intranet.adea.com.mx"/>
        <property name="port" value="25"/> 
        <property name="protocol" value="smtp"/>
        <property name="javaMailProperties">
            <props>
                <prop key="mail.smtps.auth">false</prop>
                <prop key="mail.smtps.starttls.enable">false</prop>
            </props>
        </property>
    </bean>
        
    <!-- FREEMAKER CONFIGURATION -->
    <bean id="freemarkerConfiguration" class="org.springframework.ui.freemarker.FreeMarkerConfigurationFactoryBean">
        <property name="preferFileSystemAccess" value="false"/>
        <property name="templateLoaderPath" value="classpath:/scotiabank-guardavalores-mail-config/"/>
    </bean>

    <!-- RESOLVER -->
    <mvc:annotation-driven />
    <bean class="org.springframework.web.servlet.view.ContentNegotiatingViewResolver">
        <property name="mediaTypes">
            <map>
                <entry key="html" value="text/html"/>
                <entry key="json" value="application/json"/>
            </map>
        </property>
        <property name="viewResolvers">
            <list>
                <bean class="org.springframework.web.servlet.view.BeanNameViewResolver"/>
                <bean class="org.springframework.web.servlet.view.InternalResourceViewResolver"/>                    
            </list>
        </property>
        <property name="defaultViews">
            <list>
                <bean class="org.springframework.web.servlet.view.json.MappingJacksonJsonView" />
            </list>
        </property>
    </bean> 
    
    <bean class="org.springframework.beans.factory.config.CustomScopeConfigurer">
        <property name="scopes">
            <map>
                <entry key="view">
                    <bean class="com.adeamx.faces.lib.view.ViewScope"/>
                </entry>
            </map>
        </property>
    </bean>

</beans>

